<?xml version="1.0" encoding="UTF-8"?>
<project-private xmlns="http://www.netbeans.org/ns/project-private/1">
    <editor-bookmarks xmlns="http://www.netbeans.org/ns/editor-bookmarks/2" lastBookmarkId="0"/>
    <open-files xmlns="http://www.netbeans.org/ns/projectui-open-files/2">
        <group>
            <file>file:/C:/Users/Acer/Documents/NetBeansProjects/Shoppingonline/web/view/success.jsp</file>
            <file>file:/C:/Users/Acer/Documents/NetBeansProjects/Shoppingonline/web/view/index.jsp</file>
            <file>file:/C:/Users/Acer/Documents/NetBeansProjects/Shoppingonline/web/view/foooter.jsp</file>
            <file>file:/C:/Users/Acer/Documents/NetBeansProjects/Shoppingonline/web/view/product.jsp</file>
            <file>file:/C:/Users/Acer/Documents/NetBeansProjects/Shoppingonline/src/java/controller/registerservlet.java</file>
            <file>file:/C:/Users/Acer/Documents/NetBeansProjects/Shoppingonline/web/view/header_1.jsp</file>
            <file>file:/C:/Users/Acer/Documents/NetBeansProjects/Shoppingonline/web/view/login.jsp</file>
            <file>file:/C:/Users/Acer/Documents/NetBeansProjects/Shoppingonline/web/view/contactus.jsp</file>
            <file>file:/C:/Users/Acer/Documents/NetBeansProjects/Shoppingonline/web/view/header.jsp</file>
            <file>file:/C:/Users/Acer/Documents/NetBeansProjects/Shoppingonline/src/java/controller/loginservlet.java</file>
            <file>file:/C:/Users/Acer/Documents/NetBeansProjects/Shoppingonline/src/java/controller/productservlet.java</file>
            <file>file:/C:/Users/Acer/Documents/NetBeansProjects/Shoppingonline/web/mycss.css</file>
            <file>file:/C:/Users/Acer/Documents/NetBeansProjects/Shoppingonline/web/view/register.jsp</file>
        </group>
    </open-files>
</project-private>
